# phase, velocity (km/s), error (s)
7.500000000000000000e-01
8.483714213552812566e+01
5.000000000000000000e+00
