# phase, delay (s), error (s)
2.000000000000000111e-01,4.646019774751375842e+00,4.000000000000000222e-01
2.999999999999999889e-01,7.376086472118313253e+00,4.000000000000000222e-01
4.000000000000000222e-01,1.129896006930438190e+01,4.000000000000000222e-01
5.000000000000000000e-01,1.191538295047210028e+01,4.000000000000000222e-01
5.999999999999999778e-01,1.098120655668490819e+01,4.000000000000000222e-01
6.999999999999999556e-01,7.371278465435774585e+00,4.000000000000000222e-01
8.000000000000000444e-01,4.580954077028884797e+00,4.000000000000000222e-01
