# phase, velocity (km/s), error (s)
7.500000000000000000e-01
9.120992461559366404e+01
5.000000000000000000e+00
