# phase, velocity (km/s), error (s)
7.500000000000000000e-01
2.770000000000000000e+02
2.200000000000000000e+01
