# phase, velocity (km/s), error (s)
7.500000000000000000e-01
8.196934471008422918e+01
5.000000000000000000e+00
