# phase, delay (s), error (s)
5.200000000000000178e-01,1.350000000000000000e+01,3.000000000000000000e+00
6.600000000000000311e-01,8.500000000000000000e+00,1.500000000000000000e+00
