# phase, velocity (km/s), error (s)
2.000000000000000111e-01,-7.300778318879508788e+01,5.000000000000000000e+00
2.999999999999999889e-01,-7.837679280543233062e+01,5.000000000000000000e+00
4.000000000000000222e-01,-5.063344488791864961e+01,5.000000000000000000e+00
5.000000000000000000e-01,-8.887384466279622461e-03,5.000000000000000000e+00
5.999999999999999778e-01,5.060465158956451859e+01,5.000000000000000000e+00
6.999999999999999556e-01,7.840876789174836858e+01,5.000000000000000000e+00
8.000000000000000444e-01,7.284929143915313432e+01,5.000000000000000000e+00
