# phase, velocity (km/s), error (s)
7.500000000000000000e-01
7.447113311427304438e+01
5.000000000000000000e+00
