# phase, velocity (km/s), error (s)
7.500000000000000000e-01
7.976934471008422634e+01
5.000000000000000000e+00
