# phase, velocity (km/s), error (s)
7.500000000000000000e-01
7.272107071569722336e+01
5.000000000000000000e+00
