# phase, delay (s), error (s)
2.000000000000000111e-01,4.515825004339301785e+00,4.000000000000000222e-01
2.999999999999999889e-01,7.931744433605189215e+00,4.000000000000000222e-01
4.000000000000000222e-01,1.111695329150764167e+01,4.000000000000000222e-01
5.000000000000000000e-01,1.218668773149908979e+01,4.000000000000000222e-01
5.999999999999999778e-01,1.023616833371796453e+01,4.000000000000000222e-01
6.999999999999999556e-01,8.867897126674627373e+00,4.000000000000000222e-01
8.000000000000000444e-01,4.556023435262851251e+00,4.000000000000000222e-01
