# phase, delay (s), error (s)
2.000000000000000111e-01,4.731802526156079658e+00,4.000000000000000222e-01
2.999999999999999889e-01,8.168640033625697683e+00,4.000000000000000222e-01
4.000000000000000222e-01,1.102123333693137575e+01,4.000000000000000222e-01
5.000000000000000000e-01,1.212404661764000124e+01,4.000000000000000222e-01
5.999999999999999778e-01,1.103718337859355181e+01,4.000000000000000222e-01
6.999999999999999556e-01,8.160570062309444594e+00,4.000000000000000222e-01
8.000000000000000444e-01,4.736630120624491624e+00,4.000000000000000222e-01
