# phase, delay (s), error (s)
2.000000000000000111e-01,4.487893008343151635e+00,4.000000000000000222e-01
2.999999999999999889e-01,8.036064853994169255e+00,4.000000000000000222e-01
4.000000000000000222e-01,1.124204553875518897e+01,4.000000000000000222e-01
5.000000000000000000e-01,1.200783940829546736e+01,4.000000000000000222e-01
5.999999999999999778e-01,1.094881089490144888e+01,4.000000000000000222e-01
6.999999999999999556e-01,7.888379841400186443e+00,4.000000000000000222e-01
8.000000000000000444e-01,4.274043486263185088e+00,4.000000000000000222e-01
