# phase, velocity (km/s), error (s)
7.500000000000000000e-01
7.213276114290498242e+01
5.000000000000000000e+00
